"boroname","mean","stderr","N"
"MANHATTAN",10.6243505538673,0.0793760659055336,10201
"THE BRONX",10.0591966173362,0.152251896259827,2365
"BROOKLYN",10.6139657444005,0.109073455884958,6072
"QUEENS",11.0071111111111,0.110953126818205,5625
"STATEN ISLAND",10.6781609195402,0.251695269430554,957
